label,predict
Han,Han
Han,Han
Han,Han
Han,Han
Han,Han
Han,Han
Han,Han
Han,Han
Han,Han
Han,Han
Han,Han
Han,Han
Han,Han
Han,Han
Han,Han
Han,Han
Han,Han
Han,Han
Han,Han
Han,Han
Han,Han
Hien,Hien
Hien,Hien
Hien,Hien
Hien,Hien
Hien,Hien
Hien,Hien
Hien,Hien
Hien,Hien
Hien,Hien
Hien,Hien
Hien,Hien
Hien,Hien
Hien,Hien
Hien,Hien
Loc,Loc
Loc,Loc
Loc,Loc
Loc,Loc
Loc,Loc
Loc,Loc
Loc,Loc
Loc,Loc
Loc,Loc
Loc,Loc
Loc,Loc
Loc,Loc
Loc,Loc
Loc,Loc
Loc,Loc
Loc,Loc
Loc,Loc
Loc,Loc
Loc,Loc
Loc,Loc
Loc,Loc
Loc,Loc
Quynh,Quynh
Quynh,Quynh
Quynh,Quynh
Quynh,Quynh
Quynh,Quynh
Quynh,Quynh
Quynh,Quynh
Quynh,Quynh
Quynh,Quynh
Quynh,Quynh
Quynh,Quynh
Quynh,Quynh
Quynh,Quynh
Quynh,Quynh
Thanh_Ha,Thanh_Ha
Thanh_Ha,Thanh_Ha
Thanh_Ha,Thanh_Ha
Thanh_Ha,Thanh_Ha
Thanh_Ha,Thanh_Ha
Thanh_Ha,Thanh_Ha
Thanh_Ha,Thanh_Ha
Thanh_Ha,Thanh_Ha
Thanh_Ha,Thanh_Ha
Thanh_Ha,Thanh_Ha
Thanh_Ha,Thanh_Ha
Thanh_Ha,Thanh_Ha
Thanh_Ha,Thanh_Ha
Thanh_Ha,Thanh_Ha
Thanh_Ha,Thanh_Ha
Thanh_Ha,Thanh_Ha
Thanh_Ha,Thanh_Ha
Thanh_Hong,Thanh_Hong
Thanh_Hong,Thanh_Hong
Thanh_Hong,Thanh_Hong
Thanh_Hong,Thanh_Hong
Thanh_Hong,Thanh_Hong
Thanh_Hong,Thanh_Hong
Thanh_Hong,Thanh_Hong
Thanh_Hong,Thanh_Hong
Thanh_Hong,Thanh_Hong
Thanh_Hong,Thanh_Hong
Thanh_Hong,Thanh_Hong
Thanh_Hong,Thanh_Hong
Thanh_Hong,Thanh_Hong
Thanh_Hong,Thanh_Hong
Thanh_Hong,Thanh_Hong
Thanh_Hong,Thanh_Hong
Thanh_Hong,Thanh_Hong
Thanh_Hong,Thanh_Hong
Thanh_Hong,Thanh_Hong
Thanh_Hong,Thanh_Hong
Thanh_Hong,Thanh_Hong
Thanh_Hong,Thanh_Hong
Thanh_Hong,Thanh_Hong
Thanh_Hong,Thanh_Hong
Trieu,Trieu
Trieu,Trieu
Trieu,Trieu
Trieu,Trieu
Trieu,Trieu
Trieu,Trieu
Trieu,Trieu
Trieu,Trieu
Trieu,Trieu
Trieu,Trieu
Trieu,Trieu
Trieu,Trieu
Trieu,Trieu
Trieu,Trieu
Trieu,Trieu
Trieu,Trieu
Trieu,Trieu
Trieu,Trieu
Trieu,Trieu
Trieu,Trieu
Truc,Truc
Truc,Truc
Truc,Truc
Truc,Truc
Truc,Truc
Truc,Truc
Truc,Truc
Truc,Truc
Truc,Truc
Truc,Truc
Truc,Truc
Truc,Truc
Truc,Truc
Truc,Truc
Truc,Truc
Truc,Truc
Truc,Truc
Truc,Truc
Truc,Truc
Truc,Truc
Truc,Truc
Truc,Truc
Truc,Truc
Truc,Truc
Truc,Truc
Truc,Truc
Truc,Truc
Truc,Truc
Tuan_Thanh,Tuan_Thanh
Tuan_Thanh,Tuan_Thanh
Tuan_Thanh,Tuan_Thanh
Tuan_Thanh,Tuan_Thanh
Tuan_Thanh,Tuan_Thanh
Tuan_Thanh,Tuan_Thanh
Tuan_Thanh,Tuan_Thanh
Tuan_Thanh,Tuan_Thanh
Tuan_Thanh,Tuan_Thanh
Tuan_Thanh,Tuan_Thanh
Tuan_Thanh,Tuan_Thanh
Tuan_Thanh,Tuan_Thanh
Tuan_Thanh,Tuan_Thanh
Tuan_Thanh,Tuan_Thanh
Tuan_Thanh,Tuan_Thanh
Tuan_Thanh,Tuan_Thanh
Tuan_Thanh,Tuan_Thanh
Tuan_Thanh,Tuan_Thanh
Tuan_Thanh,Tuan_Thanh
Tuan_Thanh,Tuan_Thanh
Tuan_Thanh,Tuan_Thanh
Tuan_Thanh,Tuan_Thanh
Tuan_Thanh,Tuan_Thanh
Tuan_Thanh,Tuan_Thanh
Tuan_Thanh,Tuan_Thanh
Tuan_Thanh,Tuan_Thanh
Tuan_Thanh,Tuan_Thanh
Tuan_Thanh,Tuan_Thanh
Tuan_Thanh,Tuan_Thanh
Tuan_Thanh,Tuan_Thanh
Tuan_Thanh,Tuan_Thanh
Tuan_Thanh,Tuan_Thanh
Tuan_Thanh,Tuan_Thanh
Tuan_Thanh,Tuan_Thanh
Tuan_Thanh,Tuan_Thanh
Tuan_Thanh,Tuan_Thanh
Tuan_Thanh,Tuan_Thanh
Tuan_Thanh,Tuan_Thanh
